"","greater.p.geomean","greater.stat.mean","greater.p.val","greater.q.val","greater.set.size","greater.exp1","less.p.geomean","less.stat.mean","less.p.val","less.q.val","less.set.size","less.exp1","stats.stat.mean","stats.exp1"
"hsa04110 Cell cycle",0.000107536628315372,3.96896987277063,0.000107536628315372,0.00828032038028363,36,0.000107536628315372,0.00119370655130331,-3.20038212093322,0.00119370655130331,0.027863288031592,26,0.00119370655130331,3.96896987277063,3.96896987277063
"hsa04114 Oocyte meiosis",0.00686291606318199,2.55100617474981,0.006862916063182,0.264222268432507,27,0.00686291606318199,0.00125742455939483,-3.38060967825513,0.00125742455939483,0.027863288031592,15,0.00125742455939482,2.55100617474981,2.55100617474981
"hsa04742 Taste transduction",0.0649604964427773,1.56413836824145,0.0649604964427774,0.998806293448697,14,0.0649604964427774,0.00129470702602739,-3.2519299261293,0.0012947070260274,0.027863288031592,18,0.00129470702602739,1.56413836824145,1.56413836824145
"hsa04115 p53 signaling pathway",0.0658055696923853,1.55877489427967,0.0658055696923853,0.998806293448697,14,0.0658055696923853,0.00144744353410867,-3.12651726046399,0.00144744353410868,0.027863288031592,27,0.00144744353410867,1.55877489427967,1.55877489427967
"hsa00240 Pyrimidine metabolism",0.0858265925673316,1.41253662319617,0.0858265925673316,0.998806293448697,15,0.0858265925673316,0.001847616536591,-3.04048437526545,0.001847616536591,0.0284532946635014,27,0.001847616536591,1.41253662319617,1.41253662319617
"hsa04914 Progesterone-mediated oocyte maturation",0.156849215465081,1.01933213818746,0.156849215465081,0.998806293448697,23,0.156849215465081,0.0034784574961646,-2.80164952966725,0.0034784574961646,0.0446402045341124,30,0.0034784574961646,1.01933213818746,1.01933213818746
"hsa04974 Protein digestion and absorption",0.381880861039471,0.302162382367827,0.381880861039471,0.998806293448697,28,0.381880861039471,0.00420216410054484,-2.82221458893276,0.00420216410054484,0.0462238051059932,16,0.00420216410054484,0.302162382367827,0.302162382367827
"hsa04260 Cardiac muscle contraction",0.390729380417877,0.279568995293392,0.390729380417877,0.998806293448697,19,0.390729380417877,0.00829675362490489,-2.49866603335334,0.0082967536249049,0.0798562536397096,22,0.00829675362490489,0.279568995293392,0.279568995293392
"hsa04720 Long-term potentiation",0.398379932529096,0.260221246214877,0.398379932529096,0.998806293448697,14,0.398379932529096,0.0151593323375465,-2.25658719707586,0.0151593323375465,0.117748530923879,19,0.0151593323375465,0.260221246214877,0.260221246214877
"hsa04650 Natural killer cell mediated cytotoxicity",0.431831225871304,0.173575505706179,0.431831225871304,0.998806293448697,14,0.431831225871304,0.0152920170031012,-2.22106548446372,0.0152920170031012,0.117748530923879,28,0.0152920170031012,0.173575505706179,0.173575505706179
"hsa04622 RIG-I-like receptor signaling pathway",0.438755413654016,0.156229152714046,0.438755413654016,0.998806293448697,11,0.438755413654016,0.020698548377407,-2.12472563399391,0.0206985483774071,0.144889838641849,19,0.020698548377407,0.156229152714046,0.156229152714046
"hsa04912 GnRH signaling pathway",0.506592332811637,-0.016634647677505,0.506592332811637,0.998806293448697,20,0.506592332811637,0.027149575780314,-1.98973400402612,0.027149575780314,0.174209777923682,19,0.027149575780314,-0.016634647677505,-0.016634647677505
"hsa00330 Arginine and proline metabolism",0.513257366529704,-0.0335158053868961,0.513257366529704,0.998806293448697,16,0.513257366529704,0.0308483212229324,-1.98339486393057,0.0308483212229324,0.174689336395036,11,0.0308483212229324,-0.0335158053868961,-0.0335158053868961
"hsa04972 Pancreatic secretion",0.53882420339684,-0.0978358077249182,0.53882420339684,0.998806293448697,35,0.53882420339684,0.0317616975263701,-1.90997785456486,0.0317616975263702,0.174689336395036,22,0.0317616975263701,-0.0978358077249182,-0.0978358077249182
"hsa04540 Gap junction",0.560369733957191,-0.152740535338334,0.560369733957191,0.998806293448697,25,0.560369733957191,0.0344356318756549,-1.85978797444248,0.0344356318756549,0.174867454608466,28,0.0344356318756549,-0.152740535338334,-0.152740535338334
"hsa04620 Toll-like receptor signaling pathway",0.565810468479018,-0.167029504304481,0.565810468479018,0.998806293448697,18,0.565810468479018,0.0363360944640967,-1.81014186539473,0.0363360944640968,0.174867454608466,64,0.0363360944640967,-0.167029504304481,-0.167029504304481
"hsa04340 Hedgehog signaling pathway",0.590998936875119,-0.232664364355292,0.590998936875119,0.998806293448697,13,0.590998936875119,0.0421414688186163,-1.776676237803,0.0421414688186163,0.190876064649027,22,0.0421414688186163,-0.232664364355292,-0.232664364355292
"hsa04370 VEGF signaling pathway",0.598337630711059,-0.25166880859518,0.598337630711059,0.998806293448697,15,0.598337630711059,0.0523554697101914,-1.6444537384603,0.0523554697101914,0.222577927649993,36,0.0523554697101915,-0.25166880859518,-0.25166880859518
"hsa04970 Salivary secretion",0.602506937900094,-0.261280531304418,0.602506937900094,0.998806293448697,26,0.602506937900094,0.054921826303245,-1.64263057333755,0.054921826303245,0.222577927649993,19,0.054921826303245,-0.261280531304418,-0.261280531304418
"hsa04740 Olfactory transduction",0.633680151440931,-0.342874220067105,0.633680151440931,0.998806293448697,39,0.633680151440931,0.0584682181986766,-1.63174345657234,0.0584682181986766,0.222769393001447,14,0.0584682181986766,-0.342874220067105,-0.342874220067105
"hsa04512 ECM-receptor interaction",0.635705135644228,-0.348642561259255,0.635705135644228,0.998806293448697,31,0.635705135644228,0.0607552890003946,-1.56912850235917,0.0607552890003946,0.222769393001447,34,0.0607552890003946,-0.348642561259255,-0.348642561259255
"hsa04971 Gastric acid secretion",0.671797252649236,-0.448076007244847,0.671797252649236,0.998806293448697,22,0.671797252649236,0.0741496549475843,-1.51544697357428,0.0741496549475843,0.259523792316545,10,0.0741496549475843,-0.448076007244847,-0.448076007244847
"hsa04145 Phagosome",0.691994912916513,-0.504833431676004,0.691994912916512,0.998806293448697,25,0.691994912916513,0.0827982776045573,-1.3996678073178,0.0827982776045573,0.26985161021871,41,0.0827982776045573,-0.504833431676004,-0.504833431676004
"hsa04975 Fat digestion and absorption",0.701146887845384,-0.531647711866639,0.701146887845384,0.998806293448697,23,0.701146887845384,0.084109592795442,-1.42549621836923,0.0841095927954421,0.26985161021871,13,0.084109592795442,-0.531647711866639,-0.531647711866639
"hsa04020 Calcium signaling pathway",0.701178262842305,-0.529180505970602,0.701178262842305,0.998806293448697,62,0.701178262842305,0.0882405313162193,-1.37664969521636,0.0882405313162193,0.271780836453956,21,0.0882405313162193,-0.529180505970602,-0.529180505970602
"hsa04660 T cell receptor signaling pathway",0.701763185821353,-0.539179273548298,0.701763185821353,0.998806293448697,10,0.701763185821353,0.09757745790855,-1.33009518505941,0.09757745790855,0.27956926103049,14,0.09757745790855,-0.539179273548298,-0.539179273548298
"hsa04070 Phosphatidylinositol signaling system",0.711840151952169,-0.567364284534505,0.711840151952169,0.998806293448697,12,0.711840151952169,0.0980307798418599,-1.30578967183469,0.09803077984186,0.27956926103049,36,0.0980307798418599,-0.567364284534505,-0.567364284534505
"hsa04664 Fc epsilon RI signaling pathway",0.712348307861883,-0.567312809196295,0.712348307861883,0.998806293448697,16,0.712348307861883,0.105068992264958,-1.26574891165474,0.105068992264958,0.288939728728633,34,0.105068992264958,-0.567312809196295,-0.567312809196295
"hsa04640 Hematopoietic cell lineage",0.722068542601211,-0.594028201035505,0.722068542601211,0.998806293448697,21,0.722068542601211,0.119511983967513,-1.1983378919177,0.119511983967513,0.308476968901411,19,0.119511983967513,-0.594028201035505,-0.594028201035505
"hsa04360 Axon guidance",0.740083145068745,-0.646643607772236,0.740083145068745,0.998806293448697,39,0.740083145068745,0.120185832039511,-1.18540228544133,0.120185832039511,0.308476968901411,33,0.120185832039511,-0.646643607772236,-0.646643607772236
"hsa04730 Long-term depression",0.745569676124286,-0.668377754428025,0.745569676124286,0.998806293448697,18,0.745569676124286,0.142550033127856,-1.07633865472334,0.142550033127855,0.343049655894155,40,0.142550033127856,-0.668377754428025,-0.668377754428025
"hsa04973 Carbohydrate digestion and absorption",0.753660770456435,-0.700324760128463,0.753660770456435,0.998806293448697,10,0.753660770456435,0.142566090761207,-1.09827201054934,0.142566090761207,0.343049655894155,11,0.142566090761207,-0.700324760128463,-0.700324760128463
"hsa00983 Drug metabolism - other enzymes",0.765368750650357,-0.735561483275584,0.765368750650357,0.998806293448697,13,0.765368750650357,0.150963447264594,-1.0486688223106,0.150963447264594,0.352192380703293,18,0.150963447264594,-0.735561483275584,-0.735561483275584
"hsa00340 Histidine metabolism",0.778966645140674,-0.786216665970967,0.778966645140674,0.998806293448697,10,0.778966645140674,0.156952350917409,-1.03526229717918,0.156952350917408,0.352192380703293,11,0.156952350917409,-0.786216665970967,-0.786216665970967
"hsa04916 Melanogenesis",0.784925938038872,-0.797456235624064,0.784925938038872,0.998806293448697,20,0.784925938038872,0.160087445774224,-0.998648510624115,0.160087445774224,0.352192380703293,58,0.160087445774224,-0.797456235624064,-0.797456235624064
"hsa00380 Tryptophan metabolism",0.789426733754156,-0.815001012678164,0.789426733754156,0.998806293448697,17,0.789426733754156,0.166981461527155,-0.971158678434928,0.166981461527155,0.35715479271086,48,0.166981461527155,-0.815001012678164,-0.815001012678164
"hsa04350 TGF-beta signaling pathway",0.794256834486013,-0.83215967554284,0.794256834486013,0.998806293448697,17,0.794256834486013,0.183527985268645,-0.907354712498764,0.183527985268645,0.38186797406527,40,0.183527985268645,-0.83215967554284,-0.83215967554284
"hsa04666 Fc gamma R-mediated phagocytosis",0.8016270264596,-0.860213345793517,0.8016270264596,0.998806293448697,17,0.8016270264596,0.189235480371269,-0.898887299715349,0.189235480371269,0.38186797406527,12,0.189235480371269,-0.860213345793517,-0.860213345793517
"hsa00565 Ether lipid metabolism",0.805596293457713,-0.87651601247581,0.805596293457713,0.998806293448697,15,0.805596293457713,0.194403706542287,-0.87651601247581,0.194403706542287,0.38186797406527,15,0.194403706542287,-0.87651601247581,-0.87651601247581
"hsa00260 Glycine, serine and threonine metabolism",0.810764519628731,-0.898887299715349,0.810764519628731,0.998806293448697,12,0.810764519628731,0.1983729735404,-0.860213345793517,0.1983729735404,0.38186797406527,17,0.1983729735404,-0.898887299715349,-0.898887299715349
"hsa04144 Endocytosis",0.816472014731355,-0.907354712498764,0.816472014731355,0.998806293448697,40,0.816472014731355,0.205743165513987,-0.83215967554284,0.205743165513987,0.385132622581555,17,0.205743165513987,-0.907354712498764,-0.907354712498764
"hsa04062 Chemokine signaling pathway",0.833018538472845,-0.971158678434928,0.833018538472845,0.998806293448697,48,0.833018538472845,0.210573266245844,-0.815001012678164,0.210573266245844,0.385132622581555,17,0.210573266245844,-0.971158678434928,-0.971158678434928
"hsa04010 MAPK signaling pathway",0.839912554225776,-0.998648510624115,0.839912554225776,0.998806293448697,58,0.839912554225776,0.215074061961128,-0.797456235624064,0.215074061961128,0.385132622581555,20,0.215074061961128,-0.998648510624115,-0.998648510624115
"hsa00591 Linoleic acid metabolism",0.843047649082592,-1.03526229717918,0.843047649082592,0.998806293448697,11,0.843047649082592,0.221033354859326,-0.786216665970967,0.221033354859326,0.386808371003821,10,0.221033354859326,-1.03526229717918,-1.03526229717918
"hsa00561 Glycerolipid metabolism",0.849036552735406,-1.0486688223106,0.849036552735406,0.998806293448697,18,0.849036552735406,0.234631249349643,-0.735561483275584,0.234631249349643,0.401480137776055,13,0.234631249349643,-1.0486688223106,-1.0486688223106
"hsa00360 Phenylalanine metabolism",0.857433909238793,-1.09827201054934,0.857433909238793,0.998806293448697,11,0.857433909238793,0.246339229543565,-0.700324760128463,0.246339229543565,0.412350449453359,10,0.246339229543565,-1.09827201054934,-1.09827201054934
"hsa04630 Jak-STAT signaling pathway",0.857449966872144,-1.07633865472334,0.857449966872144,0.998806293448697,40,0.857449966872144,0.254430323875714,-0.668377754428025,0.254430323875714,0.416832658264468,18,0.254430323875714,-1.07633865472334,-1.07633865472334
"hsa04270 Vascular smooth muscle contraction",0.879814167960489,-1.18540228544133,0.879814167960489,0.998806293448697,33,0.879814167960489,0.259916854931255,-0.646643607772236,0.259916854931255,0.416949954785556,39,0.259916854931255,-1.18540228544133,-1.18540228544133
"hsa00590 Arachidonic acid metabolism",0.880488016032487,-1.1983378919177,0.880488016032487,0.998806293448697,19,0.880488016032487,0.277931457398789,-0.594028201035505,0.277931457398789,0.426142400664916,21,0.277931457398789,-1.1983378919177,-1.1983378919177
"hsa04610 Complement and coagulation cascades",0.894931007735042,-1.26574891165474,0.894931007735042,0.998806293448697,34,0.894931007735042,0.287651692138117,-0.567312809196295,0.287651692138117,0.426142400664916,16,0.287651692138117,-1.26574891165474,-1.26574891165474
"hsa04514 Cell adhesion molecules (CAMs)",0.90196922015814,-1.30578967183469,0.90196922015814,0.998806293448697,36,0.90196922015814,0.288159848047831,-0.567364284534505,0.288159848047831,0.426142400664916,12,0.288159848047831,-1.30578967183469,-1.30578967183469
"hsa04960 Aldosterone-regulated sodium reabsorption",0.90242254209145,-1.33009518505941,0.90242254209145,0.998806293448697,14,0.90242254209145,0.298236814178647,-0.539179273548298,0.298236814178647,0.426142400664916,10,0.298236814178647,-1.33009518505941,-1.33009518505941
"hsa00564 Glycerophospholipid metabolism",0.911759468683781,-1.37664969521636,0.911759468683781,0.998806293448697,21,0.911759468683781,0.298821737157695,-0.529180505970602,0.298821737157695,0.426142400664916,62,0.298821737157695,-1.37664969521636,-1.37664969521636
"hsa04520 Adherens junction",0.915890407204558,-1.42549621836923,0.915890407204558,0.998806293448697,13,0.915890407204558,0.298853112154616,-0.531647711866639,0.298853112154616,0.426142400664916,23,0.298853112154616,-1.42549621836923,-1.42549621836923
"hsa04810 Regulation of actin cytoskeleton",0.917201722395443,-1.3996678073178,0.917201722395443,0.998806293448697,41,0.917201722395443,0.308005087083487,-0.504833431676004,0.308005087083488,0.431207121916882,25,0.308005087083487,-1.3996678073178,-1.3996678073178
"hsa04146 Peroxisome",0.925850345052416,-1.51544697357428,0.925850345052416,0.998806293448697,10,0.925850345052416,0.328202747350764,-0.448076007244847,0.328202747350764,0.4512787776073,22,0.328202747350764,-1.51544697357428,-1.51544697357428
"hsa00230 Purine metabolism",0.939244710999605,-1.56912850235917,0.939244710999605,0.998806293448697,34,0.939244710999605,0.364294864355772,-0.348642561259255,0.364294864355772,0.486321178259453,31,0.364294864355772,-1.56912850235917,-1.56912850235917
"hsa04722 Neurotrophin signaling pathway",0.941531781801323,-1.63174345657234,0.941531781801323,0.998806293448697,14,0.941531781801323,0.366319848559069,-0.342874220067105,0.366319848559069,0.486321178259453,39,0.366319848559069,-1.63174345657234,-1.63174345657234
"hsa04012 ErbB signaling pathway",0.945078173696755,-1.64263057333755,0.945078173696755,0.998806293448697,19,0.945078173696755,0.397493062099906,-0.261280531304418,0.397493062099906,0.51546670725414,26,0.397493062099906,-1.64263057333755,-1.64263057333755
"hsa04530 Tight junction",0.947644530289809,-1.6444537384603,0.947644530289809,0.998806293448697,36,0.947644530289809,0.401662369288941,-0.25166880859518,0.401662369288941,0.51546670725414,15,0.401662369288941,-1.6444537384603,-1.6444537384603
"hsa04310 Wnt signaling pathway",0.957858531181384,-1.776676237803,0.957858531181384,0.998806293448697,22,0.957858531181384,0.409001063124881,-0.232664364355292,0.409001063124881,0.5162800305019,13,0.409001063124881,-1.776676237803,-1.776676237803
"hsa04510 Focal adhesion",0.963663905535903,-1.81014186539473,0.963663905535903,0.998806293448697,64,0.963663905535903,0.434189531520982,-0.167029504304481,0.434189531520982,0.537325880718988,18,0.434189531520982,-1.81014186539473,-1.81014186539473
"hsa04670 Leukocyte transendothelial migration",0.965564368124345,-1.85978797444248,0.965564368124345,0.998806293448697,28,0.965564368124345,0.439630266042809,-0.152740535338334,0.439630266042809,0.537325880718988,25,0.439630266042809,-1.85978797444248,-1.85978797444248
"hsa00350 Tyrosine metabolism",0.96823830247363,-1.90997785456486,0.96823830247363,0.998806293448697,22,0.96823830247363,0.46117579660316,-0.0978358077249182,0.46117579660316,0.554852130288176,35,0.46117579660316,-1.90997785456486,-1.90997785456486
"hsa00500 Starch and sucrose metabolism",0.969151678777068,-1.98339486393057,0.969151678777068,0.998806293448697,11,0.969151678777068,0.486742633470296,-0.0335158053868961,0.486742633470296,0.575642278386424,16,0.486742633470296,-1.98339486393057,-1.98339486393057
"hsa00140 Steroid hormone biosynthesis",0.972850424219686,-1.98973400402612,0.972850424219686,0.998806293448697,19,0.972850424219686,0.493407667188363,-0.016634647677505,0.493407667188363,0.575642278386424,20,0.493407667188363,-1.98973400402612,-1.98973400402612
"hsa04380 Osteoclast differentiation",0.979301451622593,-2.12472563399391,0.979301451622593,0.998806293448697,19,0.979301451622593,0.561244586345985,0.156229152714046,0.561244586345985,0.643367582469259,11,0.561244586345985,-2.12472563399391,-2.12472563399391
"hsa04910 Insulin signaling pathway",0.984707982996899,-2.22106548446372,0.984707982996899,0.998806293448697,28,0.984707982996899,0.568168774128696,0.173575505706179,0.568168774128696,0.643367582469259,14,0.568168774128696,-2.22106548446372,-2.22106548446372
"hsa00010 Glycolysis / Gluconeogenesis",0.984840667662453,-2.25658719707586,0.984840667662453,0.998806293448697,19,0.984840667662453,0.601620067470904,0.260221246214877,0.601620067470904,0.670197681540335,14,0.601620067470904,-2.25658719707586,-2.25658719707586
"hsa04976 Bile secretion",0.991703246375095,-2.49866603335334,0.991703246375095,0.998806293448697,22,0.991703246375095,0.609270619582123,0.279568995293392,0.609270619582123,0.670197681540335,19,0.609270619582123,-2.49866603335334,-2.49866603335334
"hsa00071 Fatty acid metabolism",0.995797835899455,-2.82221458893276,0.995797835899455,0.998806293448697,16,0.995797835899455,0.618119138960529,0.302162382367827,0.618119138960529,0.670354559154377,28,0.618119138960529,-2.82221458893276,-2.82221458893276
"hsa03320 PPAR signaling pathway",0.996521542503835,-2.80164952966725,0.996521542503835,0.998806293448697,30,0.996521542503835,0.84315078453492,1.01933213818746,0.84315078453492,0.901702922349845,23,0.84315078453492,-2.80164952966725,-2.80164952966725
"hsa00980 Metabolism of xenobiotics by cytochrome P450",0.998152383463409,-3.04048437526545,0.998152383463409,0.998806293448697,27,0.998152383463409,0.914173407432668,1.41253662319617,0.914173407432668,0.959973890318749,15,0.914173407432668,-3.04048437526545,-3.04048437526545
"hsa00830 Retinol metabolism",0.998552556465891,-3.12651726046399,0.998552556465891,0.998806293448697,27,0.998552556465891,0.934194430307615,1.55877489427967,0.934194430307615,0.959973890318749,14,0.934194430307615,-3.12651726046399,-3.12651726046399
"hsa04920 Adipocytokine signaling pathway",0.998705292973973,-3.2519299261293,0.998705292973973,0.998806293448697,18,0.998705292973973,0.935039503557223,1.56413836824145,0.935039503557223,0.959973890318749,14,0.935039503557223,-3.2519299261293,-3.2519299261293
"hsa02010 ABC transporters",0.998742575440605,-3.38060967825513,0.998742575440605,0.998806293448697,15,0.998742575440605,0.993137083936818,2.55100617474981,0.993137083936818,0.999892463371685,27,0.993137083936818,-3.38060967825513,-3.38060967825513
"hsa00982 Drug metabolism - cytochrome P450",0.998806293448697,-3.20038212093322,0.998806293448697,0.998806293448697,26,0.998806293448697,0.999892463371685,3.96896987277063,0.999892463371685,0.999892463371685,36,0.999892463371685,-3.20038212093322,-3.20038212093322
"hsa00232 Caffeine metabolism",NA,NA,NA,NA,4,NA,NA,NA,NA,NA,4,NA,NA,NA
"hsa04150 mTOR signaling pathway",NA,NA,NA,NA,7,NA,NA,NA,NA,NA,7,NA,NA,NA
"hsa04210 Apoptosis",NA,NA,NA,NA,6,NA,NA,NA,NA,NA,6,NA,NA,NA
"hsa04662 B cell receptor signaling pathway",NA,NA,NA,NA,9,NA,NA,NA,NA,NA,9,NA,NA,NA
"hsa00520 Amino sugar and nucleotide sugar metabolism",NA,NA,NA,NA,5,NA,NA,NA,NA,NA,5,NA,NA,NA
"hsa03013 RNA transport",NA,NA,NA,NA,7,NA,NA,NA,NA,NA,7,NA,NA,NA
"hsa04612 Antigen processing and presentation",NA,NA,NA,NA,3,NA,NA,NA,NA,NA,3,NA,NA,NA
"hsa04672 Intestinal immune network for IgA production",NA,NA,NA,NA,8,NA,NA,NA,NA,NA,8,NA,NA,NA
"hsa00592 alpha-Linolenic acid metabolism",NA,NA,NA,NA,7,NA,NA,NA,NA,NA,7,NA,NA,NA
"hsa00563 Glycosylphosphatidylinositol(GPI)-anchor biosynthesis",NA,NA,NA,NA,1,NA,NA,NA,NA,NA,1,NA,NA,NA
"hsa03008 Ribosome biogenesis in eukaryotes",NA,NA,NA,NA,1,NA,NA,NA,NA,NA,1,NA,NA,NA
"hsa04141 Protein processing in endoplasmic reticulum",NA,NA,NA,NA,8,NA,NA,NA,NA,NA,8,NA,NA,NA
"hsa03420 Nucleotide excision repair",NA,NA,NA,NA,1,NA,NA,NA,NA,NA,1,NA,NA,NA
"hsa04120 Ubiquitin mediated proteolysis",NA,NA,NA,NA,8,NA,NA,NA,NA,NA,8,NA,NA,NA
"hsa03410 Base excision repair",NA,NA,NA,NA,3,NA,NA,NA,NA,NA,3,NA,NA,NA
"hsa03010 Ribosome",NA,NA,NA,NA,2,NA,NA,NA,NA,NA,2,NA,NA,NA
"hsa04710 Circadian rhythm - mammal",NA,NA,NA,NA,3,NA,NA,NA,NA,NA,3,NA,NA,NA
"hsa04621 NOD-like receptor signaling pathway",NA,NA,NA,NA,8,NA,NA,NA,NA,NA,8,NA,NA,NA
"hsa04142 Lysosome",NA,NA,NA,NA,6,NA,NA,NA,NA,NA,6,NA,NA,NA
"hsa00970 Aminoacyl-tRNA biosynthesis",NA,NA,NA,NA,0,NA,NA,NA,NA,NA,0,NA,NA,NA
"hsa00190 Oxidative phosphorylation",NA,NA,NA,NA,7,NA,NA,NA,NA,NA,7,NA,NA,NA
"hsa03040 Spliceosome",NA,NA,NA,NA,2,NA,NA,NA,NA,NA,2,NA,NA,NA
"hsa00532 Glycosaminoglycan biosynthesis - chondroitin sulfate",NA,NA,NA,NA,4,NA,NA,NA,NA,NA,4,NA,NA,NA
"hsa03440 Homologous recombination",NA,NA,NA,NA,7,NA,NA,NA,NA,NA,7,NA,NA,NA
"hsa03450 Non-homologous end-joining",NA,NA,NA,NA,1,NA,NA,NA,NA,NA,1,NA,NA,NA
"hsa00760 Nicotinate and nicotinamide metabolism",NA,NA,NA,NA,5,NA,NA,NA,NA,NA,5,NA,NA,NA
"hsa03018 RNA degradation",NA,NA,NA,NA,3,NA,NA,NA,NA,NA,3,NA,NA,NA
"hsa00300 Lysine biosynthesis",NA,NA,NA,NA,1,NA,NA,NA,NA,NA,1,NA,NA,NA
"hsa00310 Lysine degradation",NA,NA,NA,NA,7,NA,NA,NA,NA,NA,7,NA,NA,NA
"hsa00533 Glycosaminoglycan biosynthesis - keratan sulfate",NA,NA,NA,NA,2,NA,NA,NA,NA,NA,2,NA,NA,NA
"hsa03015 mRNA surveillance pathway",NA,NA,NA,NA,7,NA,NA,NA,NA,NA,7,NA,NA,NA
"hsa00510 N-Glycan biosynthesis",NA,NA,NA,NA,2,NA,NA,NA,NA,NA,2,NA,NA,NA
"hsa03050 Proteasome",NA,NA,NA,NA,3,NA,NA,NA,NA,NA,3,NA,NA,NA
"hsa04130 SNARE interactions in vesicular transport",NA,NA,NA,NA,2,NA,NA,NA,NA,NA,2,NA,NA,NA
"hsa00130 Ubiquinone and other terpenoid-quinone biosynthesis",NA,NA,NA,NA,1,NA,NA,NA,NA,NA,1,NA,NA,NA
"hsa04623 Cytosolic DNA-sensing pathway",NA,NA,NA,NA,7,NA,NA,NA,NA,NA,7,NA,NA,NA
"hsa04966 Collecting duct acid secretion",NA,NA,NA,NA,3,NA,NA,NA,NA,NA,3,NA,NA,NA
"hsa00601 Glycosphingolipid biosynthesis - lacto and neolacto series",NA,NA,NA,NA,4,NA,NA,NA,NA,NA,4,NA,NA,NA
"hsa00603 Glycosphingolipid biosynthesis - globo series",NA,NA,NA,NA,0,NA,NA,NA,NA,NA,0,NA,NA,NA
"hsa00270 Cysteine and methionine metabolism",NA,NA,NA,NA,7,NA,NA,NA,NA,NA,7,NA,NA,NA
"hsa00430 Taurine and hypotaurine metabolism",NA,NA,NA,NA,2,NA,NA,NA,NA,NA,2,NA,NA,NA
"hsa00920 Sulfur metabolism",NA,NA,NA,NA,1,NA,NA,NA,NA,NA,1,NA,NA,NA
"hsa00562 Inositol phosphate metabolism",NA,NA,NA,NA,6,NA,NA,NA,NA,NA,6,NA,NA,NA
"hsa00280 Valine, leucine and isoleucine degradation",NA,NA,NA,NA,6,NA,NA,NA,NA,NA,6,NA,NA,NA
"hsa04962 Vasopressin-regulated water reabsorption",NA,NA,NA,NA,5,NA,NA,NA,NA,NA,5,NA,NA,NA
"hsa04140 Regulation of autophagy",NA,NA,NA,NA,1,NA,NA,NA,NA,NA,1,NA,NA,NA
"hsa03030 DNA replication",NA,NA,NA,NA,6,NA,NA,NA,NA,NA,6,NA,NA,NA
"hsa00600 Sphingolipid metabolism",NA,NA,NA,NA,7,NA,NA,NA,NA,NA,7,NA,NA,NA
"hsa00100 Steroid biosynthesis",NA,NA,NA,NA,3,NA,NA,NA,NA,NA,3,NA,NA,NA
"hsa04977 Vitamin digestion and absorption",NA,NA,NA,NA,7,NA,NA,NA,NA,NA,7,NA,NA,NA
"hsa00514 Other types of O-glycan biosynthesis",NA,NA,NA,NA,7,NA,NA,NA,NA,NA,7,NA,NA,NA
"hsa00450 Selenocompound metabolism",NA,NA,NA,NA,2,NA,NA,NA,NA,NA,2,NA,NA,NA
"hsa00670 One carbon pool by folate",NA,NA,NA,NA,4,NA,NA,NA,NA,NA,4,NA,NA,NA
"hsa03020 RNA polymerase",NA,NA,NA,NA,1,NA,NA,NA,NA,NA,1,NA,NA,NA
"hsa03022 Basal transcription factors",NA,NA,NA,NA,3,NA,NA,NA,NA,NA,3,NA,NA,NA
"hsa00900 Terpenoid backbone biosynthesis",NA,NA,NA,NA,0,NA,NA,NA,NA,NA,0,NA,NA,NA
"hsa04330 Notch signaling pathway",NA,NA,NA,NA,8,NA,NA,NA,NA,NA,8,NA,NA,NA
"hsa03430 Mismatch repair",NA,NA,NA,NA,1,NA,NA,NA,NA,NA,1,NA,NA,NA
"hsa00040 Pentose and glucuronate interconversions",NA,NA,NA,NA,6,NA,NA,NA,NA,NA,6,NA,NA,NA
"hsa00053 Ascorbate and aldarate metabolism",NA,NA,NA,NA,5,NA,NA,NA,NA,NA,5,NA,NA,NA
"hsa00860 Porphyrin and chlorophyll metabolism",NA,NA,NA,NA,5,NA,NA,NA,NA,NA,5,NA,NA,NA
"hsa00511 Other glycan degradation",NA,NA,NA,NA,1,NA,NA,NA,NA,NA,1,NA,NA,NA
"hsa00531 Glycosaminoglycan degradation",NA,NA,NA,NA,2,NA,NA,NA,NA,NA,2,NA,NA,NA
"hsa00120 Primary bile acid biosynthesis",NA,NA,NA,NA,5,NA,NA,NA,NA,NA,5,NA,NA,NA
"hsa00620 Pyruvate metabolism",NA,NA,NA,NA,7,NA,NA,NA,NA,NA,7,NA,NA,NA
"hsa03060 Protein export",NA,NA,NA,NA,0,NA,NA,NA,NA,NA,0,NA,NA,NA
"hsa01040 Biosynthesis of unsaturated fatty acids",NA,NA,NA,NA,2,NA,NA,NA,NA,NA,2,NA,NA,NA
"hsa04964 Proximal tubule bicarbonate reclamation",NA,NA,NA,NA,9,NA,NA,NA,NA,NA,9,NA,NA,NA
"hsa00785 Lipoic acid metabolism",NA,NA,NA,NA,0,NA,NA,NA,NA,NA,0,NA,NA,NA
"hsa00512 Mucin type O-Glycan biosynthesis",NA,NA,NA,NA,4,NA,NA,NA,NA,NA,4,NA,NA,NA
"hsa00910 Nitrogen metabolism",NA,NA,NA,NA,8,NA,NA,NA,NA,NA,8,NA,NA,NA
"hsa00534 Glycosaminoglycan biosynthesis - heparan sulfate",NA,NA,NA,NA,5,NA,NA,NA,NA,NA,5,NA,NA,NA
"hsa00650 Butanoate metabolism",NA,NA,NA,NA,8,NA,NA,NA,NA,NA,8,NA,NA,NA
"hsa00480 Glutathione metabolism",NA,NA,NA,NA,9,NA,NA,NA,NA,NA,9,NA,NA,NA
"hsa04614 Renin-angiotensin system",NA,NA,NA,NA,5,NA,NA,NA,NA,NA,5,NA,NA,NA
"hsa00250 Alanine, aspartate and glutamate metabolism",NA,NA,NA,NA,8,NA,NA,NA,NA,NA,8,NA,NA,NA
"hsa00460 Cyanoamino acid metabolism",NA,NA,NA,NA,0,NA,NA,NA,NA,NA,0,NA,NA,NA
"hsa00630 Glyoxylate and dicarboxylate metabolism",NA,NA,NA,NA,3,NA,NA,NA,NA,NA,3,NA,NA,NA
"hsa04744 Phototransduction",NA,NA,NA,NA,8,NA,NA,NA,NA,NA,8,NA,NA,NA
"hsa00020 Citrate cycle (TCA cycle)",NA,NA,NA,NA,4,NA,NA,NA,NA,NA,4,NA,NA,NA
"hsa04320 Dorso-ventral axis formation",NA,NA,NA,NA,8,NA,NA,NA,NA,NA,8,NA,NA,NA
"hsa00640 Propanoate metabolism",NA,NA,NA,NA,5,NA,NA,NA,NA,NA,5,NA,NA,NA
"hsa00472 D-Arginine and D-ornithine metabolism",NA,NA,NA,NA,0,NA,NA,NA,NA,NA,0,NA,NA,NA
"hsa00790 Folate biosynthesis",NA,NA,NA,NA,2,NA,NA,NA,NA,NA,2,NA,NA,NA
"hsa00410 beta-Alanine metabolism",NA,NA,NA,NA,6,NA,NA,NA,NA,NA,6,NA,NA,NA
"hsa00770 Pantothenate and CoA biosynthesis",NA,NA,NA,NA,2,NA,NA,NA,NA,NA,2,NA,NA,NA
"hsa00051 Fructose and mannose metabolism",NA,NA,NA,NA,9,NA,NA,NA,NA,NA,9,NA,NA,NA
"hsa00061 Fatty acid biosynthesis",NA,NA,NA,NA,2,NA,NA,NA,NA,NA,2,NA,NA,NA
"hsa00030 Pentose phosphate pathway",NA,NA,NA,NA,6,NA,NA,NA,NA,NA,6,NA,NA,NA
"hsa00052 Galactose metabolism",NA,NA,NA,NA,4,NA,NA,NA,NA,NA,4,NA,NA,NA
"hsa00290 Valine, leucine and isoleucine biosynthesis",NA,NA,NA,NA,0,NA,NA,NA,NA,NA,0,NA,NA,NA
"hsa00604 Glycosphingolipid biosynthesis - ganglio series",NA,NA,NA,NA,4,NA,NA,NA,NA,NA,4,NA,NA,NA
"hsa00400 Phenylalanine, tyrosine and tryptophan biosynthesis",NA,NA,NA,NA,3,NA,NA,NA,NA,NA,3,NA,NA,NA
"hsa00730 Thiamine metabolism",NA,NA,NA,NA,0,NA,NA,NA,NA,NA,0,NA,NA,NA
"hsa00471 D-Glutamine and D-glutamate metabolism",NA,NA,NA,NA,0,NA,NA,NA,NA,NA,0,NA,NA,NA
"hsa04122 Sulfur relay system",NA,NA,NA,NA,1,NA,NA,NA,NA,NA,1,NA,NA,NA
"hsa00750 Vitamin B6 metabolism",NA,NA,NA,NA,2,NA,NA,NA,NA,NA,2,NA,NA,NA
"hsa00780 Biotin metabolism",NA,NA,NA,NA,0,NA,NA,NA,NA,NA,0,NA,NA,NA
"hsa00072 Synthesis and degradation of ketone bodies",NA,NA,NA,NA,0,NA,NA,NA,NA,NA,0,NA,NA,NA
"hsa00740 Riboflavin metabolism",NA,NA,NA,NA,0,NA,NA,NA,NA,NA,0,NA,NA,NA
