<?xml version="1.0"?>
<!DOCTYPE pathway SYSTEM "https://www.kegg.jp/kegg/xml/KGML_v0.7.2_.dtd">
<!-- Creation date: Mar 3, 2023 09:43:16 +0900 (GMT+9) -->
<pathway name="path:hsa04110" org="hsa" number="04110"
         title="Cell cycle"
         image="https://www.kegg.jp/kegg/pathway/hsa/hsa04110.png"
         link="https://www.kegg.jp/kegg-bin/show_pathway?hsa04110">
    <entry id="4" name="hsa:1029" type="gene"
        link="https://www.kegg.jp/dbget-bin/www_bget?hsa:1029">
        <graphics name="CDKN2A, ARF, CDK4I, CDKN2, CMM2, INK4, INK4A, MLM, MTS-1, MTS1, P14, P14ARF, P16, P16-INK4A, P16INK4, P16INK4A, P19, P19ARF, TP16" fgcolor="#000000" bgcolor="#BFFFBF"
             type="rectangle" x="532" y="218" width="46" height="17"/>
    </entry>
    <entry id="5" name="hsa:51343" type="gene"
        link="https://www.kegg.jp/dbget-bin/www_bget?hsa:51343">
        <graphics name="FZR1, CDC20C, CDH1, DEE109, FZR, FZR2, HCDH, HCDH1" fgcolor="#000000" bgcolor="#BFFFBF"
             type="rectangle" x="981" y="630" width="46" height="17"/>
    </entry>
    <entry id="6" name="hsa:4171 hsa:4172 hsa:4173 hsa:4174 hsa:4175 hsa:4176" type="gene"
        link="https://www.kegg.jp/dbget-bin/www_bget?hsa:4171+hsa:4172+hsa:4173+hsa:4174+hsa:4175+hsa:4176">
        <graphics name="MCM2, BM28, CCNL1, CDCL1, D3S3194, DFNA70, MITOTIN, cdc19..." fgcolor="#000000" bgcolor="#BFFFBF"
             type="rectangle" x="553" y="681" width="46" height="17"/>
    </entry>
    <entry id="7" name="hsa:23594 hsa:23595 hsa:4998 hsa:4999 hsa:5000 hsa:5001" type="gene"
        link="https://www.kegg.jp/dbget-bin/www_bget?hsa:23594+hsa:23595+hsa:4998+hsa:4999+hsa:5000+hsa:5001">
        <graphics name="ORC6, ORC6L..." fgcolor="#000000" bgcolor="#BFFFBF"
             type="rectangle" x="494" y="681" width="46" height="17"/>
    </entry>
    <entry id="8" name="hsa:10393 hsa:119504 hsa:246184 hsa:25847 hsa:25906 hsa:29882 hsa:29945 hsa:51433 hsa:51434 hsa:51529 hsa:64682 hsa:8697 hsa:8881 hsa:996" type="gene"
        link="https://www.kegg.jp/dbget-bin/www_bget?hsa:10393+hsa:119504+hsa:246184+hsa:25847+hsa:25906+hsa:29882+hsa:29945+hsa:51433+hsa:51434+hsa:51529+hsa:64682+hsa:8697+hsa:8881+hsa:996">
        <graphics name="ANAPC10, APC10, DOC1..." fgcolor="#000000" bgcolor="#BFFFBF"
             type="rectangle" x="981" y="392" width="46" height="17"/>
    </entry>
    <entry id="9" name="hsa:10393 hsa:119504 hsa:246184 hsa:25847 hsa:25906 hsa:29882 hsa:29945 hsa:51433 hsa:51434 hsa:51529 hsa:64682 hsa:8697 hsa:8881 hsa:996" type="gene"
        link="https://www.kegg.jp/dbget-bin/www_bget?hsa:10393+hsa:119504+hsa:246184+hsa:25847+hsa:25906+hsa:29882+hsa:29945+hsa:51433+hsa:51434+hsa:51529+hsa:64682+hsa:8697+hsa:8881+hsa:996">
        <graphics name="ANAPC10, APC10, DOC1..." fgcolor="#000000" bgcolor="#BFFFBF"
             type="rectangle" x="981" y="613" width="46" height="17"/>
    </entry>
    <entry id="10" name="hsa:6500 hsa:8454 hsa:9978" type="gene"
        link="https://www.kegg.jp/dbget-bin/www_bget?hsa:6500+hsa:8454+hsa:9978">
        <graphics name="SKP1, EMC19, OCP-II, OCP2, SKP1A, TCEB1L, p19A..." fgcolor="#000000" bgcolor="#BFFFBF"
             type="rectangle" x="188" y="613" width="46" height="17"/>
    </entry>
    <entry id="11" name="hsa:6500 hsa:8454 hsa:9978" type="gene"
        link="https://www.kegg.jp/dbget-bin/www_bget?hsa:6500+hsa:8454+hsa:9978">
        <graphics name="SKP1, EMC19, OCP-II, OCP2, SKP1A, TCEB1L, p19A..." fgcolor="#000000" bgcolor="#BFFFBF"
             type="rectangle" x="432" y="285" width="46" height="17"/>
    </entry>
    <entry id="24" name="hsa:983" type="gene"
        link="https://www.kegg.jp/dbget-bin/www_bget?hsa:983">
        <graphics name="CDK1, CDC2, CDC28A, P34CDC2" fgcolor="#000000" bgcolor="#BFFFBF"
             type="rectangle" x="780" y="562" width="46" height="17"/>
    </entry>
    <entry id="25" name="hsa:701" type="gene"
        link="https://www.kegg.jp/dbget-bin/www_bget?hsa:701">
        <graphics name="BUB1B, BUB1beta, BUBR1, Bub1A, MAD3L, MVA1, SSK1, hBUBR1" fgcolor="#000000" bgcolor="#BFFFBF"
             type="rectangle" x="873" y="392" width="46" height="17"/>
    </entry>
    <entry id="26" name="hsa:5111" type="gene"
        link="https://www.kegg.jp/dbget-bin/www_bget?hsa:5111">
        <graphics name="PCNA, ATLD2" fgcolor="#000000" bgcolor="#BFFFBF"
             type="rectangle" x="559" y="453" width="46" height="17"/>
    </entry>
    <entry id="27" name="hsa:5347" type="gene"
        link="https://www.kegg.jp/dbget-bin/www_bget?hsa:5347">
        <graphics name="PLK1, PLK, STPK13" fgcolor="#000000" bgcolor="#BFFFBF"
             type="rectangle" x="862" y="562" width="46" height="17"/>
    </entry>
    <entry id="28" name="hsa:472 hsa:545" type="gene"
        link="https://www.kegg.jp/dbget-bin/www_bget?hsa:472+hsa:545">
        <graphics name="ATM, AT1, ATA, ATC, ATD, ATDC, ATE, TEL1, TELO1..." fgcolor="#000000" bgcolor="#BFFFBF"
             type="rectangle" x="696" y="257" width="46" height="17"/>
    </entry>
    <entry id="29" name="hsa:10926 hsa:80174" type="gene"
        link="https://www.kegg.jp/dbget-bin/www_bget?hsa:10926+hsa:80174">
        <graphics name="DBF4, ASK, CHIF, DBF4A, ZDBF1..." fgcolor="#000000" bgcolor="#BFFFBF"
             type="rectangle" x="532" y="748" width="46" height="17"/>
    </entry>
    <entry id="30" name="hsa:10459 hsa:4085" type="gene"
        link="https://www.kegg.jp/dbget-bin/www_bget?hsa:10459+hsa:4085">
        <graphics name="MAD2L2, FANCV, MAD2B, POLZ2, REV7..." fgcolor="#000000" bgcolor="#BFFFBF"
             type="rectangle" x="873" y="375" width="46" height="17"/>
    </entry>
    <entry id="31" name="hsa:699" type="gene"
        link="https://www.kegg.jp/dbget-bin/www_bget?hsa:699">
        <graphics name="BUB1, BUB1A, BUB1L, MCPH30, hBUB1" fgcolor="#000000" bgcolor="#BFFFBF"
             type="rectangle" x="808" y="409" width="46" height="17"/>
    </entry>
    <entry id="32" name="hsa:9184" type="gene"
        link="https://www.kegg.jp/dbget-bin/www_bget?hsa:9184">
        <graphics name="BUB3, BUB3L, hBUB3" fgcolor="#000000" bgcolor="#BFFFBF"
             type="rectangle" x="873" y="409" width="46" height="17"/>
    </entry>
    <entry id="33" name="hsa:8555 hsa:8556" type="gene"
        link="https://www.kegg.jp/dbget-bin/www_bget?hsa:8555+hsa:8556">
        <graphics name="CDC14B, CDC14B3, Cdc14B1, Cdc14B2, hCDC14B..." fgcolor="#000000" bgcolor="#BFFFBF"
             type="rectangle" x="1009" y="672" width="46" height="17"/>
    </entry>
    <entry id="34" name="hsa:10971 hsa:7529 hsa:7531 hsa:7532 hsa:7533 hsa:7534" type="gene"
        link="https://www.kegg.jp/dbget-bin/www_bget?hsa:10971+hsa:7529+hsa:7531+hsa:7532+hsa:7533+hsa:7534">
        <graphics name="YWHAQ, 14-3-3, 1C5, HS1..." fgcolor="#000000" bgcolor="#BFFFBF"
             type="rectangle" x="850" y="446" width="46" height="17"/>
    </entry>
    <entry id="35" name="hsa:2810" type="gene"
        link="https://www.kegg.jp/dbget-bin/www_bget?hsa:2810">
        <graphics name="SFN, YWHAS" fgcolor="#000000" bgcolor="#BFFFBF"
             type="rectangle" x="638" y="407" width="46" height="17"/>
    </entry>
    <entry id="36" name="hsa:1111 hsa:11200" type="gene"
        link="https://www.kegg.jp/dbget-bin/www_bget?hsa:1111+hsa:11200">
        <graphics name="CHEK1, CHK1..." fgcolor="#000000" bgcolor="#BFFFBF"
             type="rectangle" x="696" y="393" width="46" height="17"/>
    </entry>
    <entry id="37" name="hsa:1026" type="gene"
        link="https://www.kegg.jp/dbget-bin/www_bget?hsa:1026">
        <graphics name="CDKN1A, CAP20, CDKN1, CIP1, MDA-6, P21, SDI1, WAF1, p21CIP1" fgcolor="#000000" bgcolor="#BFFFBF"
             type="rectangle" x="459" y="407" width="46" height="17"/>
    </entry>
    <entry id="38" name="hsa:5591" type="gene"
        link="https://www.kegg.jp/dbget-bin/www_bget?hsa:5591">
        <graphics name="PRKDC, DNA-PKC, DNA-PKcs, DNAPK, DNAPKc, DNPK1, HYRC, HYRC1, IMD26, XRCC7, p350" fgcolor="#000000" bgcolor="#BFFFBF"
             type="rectangle" x="640" y="257" width="46" height="17"/>
    </entry>
    <entry id="39" name="hsa:4193" type="gene"
        link="https://www.kegg.jp/dbget-bin/www_bget?hsa:4193">
        <graphics name="MDM2, ACTFS, HDMX, LSKB, hdm2" fgcolor="#000000" bgcolor="#BFFFBF"
             type="rectangle" x="532" y="273" width="46" height="17"/>
    </entry>
    <entry id="40" name="hsa:1387 hsa:2033" type="gene"
        link="https://www.kegg.jp/dbget-bin/www_bget?hsa:1387+hsa:2033">
        <graphics name="CREBBP, CBP, KAT3A, MKHK1, RSTS, RSTS1..." fgcolor="#000000" bgcolor="#BFFFBF"
             type="rectangle" x="590" y="244" width="46" height="17"/>
    </entry>
    <entry id="41" name="hsa:6502" type="gene"
        link="https://www.kegg.jp/dbget-bin/www_bget?hsa:6502">
        <graphics name="SKP2, FBL1, FBXL1, FLB1, p45" fgcolor="#000000" bgcolor="#BFFFBF"
             type="rectangle" x="432" y="302" width="46" height="17"/>
    </entry>
    <entry id="42" name="hsa:9088" type="gene"
        link="https://www.kegg.jp/dbget-bin/www_bget?hsa:9088">
        <graphics name="PKMYT1, MYT1, PPP1R126" fgcolor="#000000" bgcolor="#BFFFBF"
             type="rectangle" x="763" y="622" width="46" height="17"/>
    </entry>
    <entry id="43" name="hsa:494551 hsa:7465" type="gene"
        link="https://www.kegg.jp/dbget-bin/www_bget?hsa:494551+hsa:7465">
        <graphics name="WEE2, OOMD5, WEE1B..." fgcolor="#000000" bgcolor="#BFFFBF"
             type="rectangle" x="704" y="622" width="46" height="17"/>
    </entry>
    <entry id="44" name="hsa:10744 hsa:9232" type="gene"
        link="https://www.kegg.jp/dbget-bin/www_bget?hsa:10744+hsa:9232">
        <graphics name="PTTG2..." fgcolor="#000000" bgcolor="#BFFFBF"
             type="rectangle" x="981" y="291" width="46" height="17"/>
    </entry>
    <entry id="45" name="hsa:9700" type="gene"
        link="https://www.kegg.jp/dbget-bin/www_bget?hsa:9700">
        <graphics name="ESPL1, ESP1, SEPA" fgcolor="#000000" bgcolor="#BFFFBF"
             type="rectangle" x="981" y="204" width="46" height="17"/>
    </entry>
    <entry id="46" name="hsa:27127 hsa:8243" type="gene"
        link="https://www.kegg.jp/dbget-bin/www_bget?hsa:27127+hsa:8243">
        <graphics name="SMC1B, SMC1BETA, SMC1L2..." fgcolor="#000000" bgcolor="#BFFFBF"
             type="rectangle" x="957" y="79" width="46" height="17"/>
    </entry>
    <entry id="47" name="path:hsa04210" type="map"
        link="https://www.kegg.jp/dbget-bin/www_bget?hsa04210">
        <graphics name="Apoptosis" fgcolor="#000000" bgcolor="#FFFFFF"
             type="roundrectangle" x="753" y="337" width="69" height="26"/>
    </entry>
    <entry id="48" name="hsa:6502" type="gene"
        link="https://www.kegg.jp/dbget-bin/www_bget?hsa:6502">
        <graphics name="SKP2, FBL1, FBXL1, FLB1, p45" fgcolor="#000000" bgcolor="#BFFFBF"
             type="rectangle" x="188" y="630" width="46" height="17"/>
    </entry>
    <entry id="49" name="hsa:5925" type="gene"
        link="https://www.kegg.jp/dbget-bin/www_bget?hsa:5925">
        <graphics name="RB1, OSRC, PPP1R130, RB, p105-Rb, p110-RB1, pRb, pp110" fgcolor="#000000" bgcolor="#BFFFBF"
             type="rectangle" x="637" y="622" width="46" height="17"/>
    </entry>
    <entry id="50" name="hsa:10912 hsa:1647 hsa:4616" type="gene"
        link="https://www.kegg.jp/dbget-bin/www_bget?hsa:10912+hsa:1647+hsa:4616">
        <graphics name="GADD45G, CR6, DDIT2, GADD45gamma, GRP17..." fgcolor="#000000" bgcolor="#BFFFBF"
             type="rectangle" x="559" y="407" width="46" height="17"/>
    </entry>
    <entry id="51" name="hsa:5925" type="gene"
        link="https://www.kegg.jp/dbget-bin/www_bget?hsa:5925">
        <graphics name="RB1, OSRC, PPP1R130, RB, p105-Rb, p110-RB1, pRb, pp110" fgcolor="#000000" bgcolor="#BFFFBF"
             type="rectangle" x="504" y="337" width="46" height="17"/>
    </entry>
    <entry id="52" name="hsa:7157" type="gene"
        link="https://www.kegg.jp/dbget-bin/www_bget?hsa:7157">
        <graphics name="TP53, BCC7, BMFS5, LFS1, P53, TRP53" fgcolor="#000000" bgcolor="#BFFFBF"
             type="rectangle" x="590" y="337" width="46" height="17"/>
    </entry>
    <entry id="53" name="hsa:1027 hsa:1028" type="gene"
        link="https://www.kegg.jp/dbget-bin/www_bget?hsa:1027+hsa:1028">
        <graphics name="CDKN1B, CDKN4, KIP1, MEN1B, MEN4, P27KIP1..." fgcolor="#000000" bgcolor="#BFFFBF"
             type="rectangle" x="407" y="407" width="46" height="17"/>
    </entry>
    <entry id="54" name="hsa:1030" type="gene"
        link="https://www.kegg.jp/dbget-bin/www_bget?hsa:1030">
        <graphics name="CDKN2B, CDK4I, INK4B, MTS2, P15, TP15, p15INK4b" fgcolor="#000000" bgcolor="#BFFFBF"
             type="rectangle" x="256" y="407" width="46" height="17"/>
    </entry>
    <entry id="55" name="hsa:7040 hsa:7042 hsa:7043" type="gene"
        link="https://www.kegg.jp/dbget-bin/www_bget?hsa:7040+hsa:7042+hsa:7043">
        <graphics name="TGFB1, CED, DPD1, IBDIMDE, LAP, TGF-beta1, TGFB, TGFbeta..." fgcolor="#000000" bgcolor="#BFFFBF"
             type="rectangle" x="327" y="198" width="46" height="17"/>
    </entry>
    <entry id="56" name="hsa:4089" type="gene"
        link="https://www.kegg.jp/dbget-bin/www_bget?hsa:4089">
        <graphics name="SMAD4, DPC4, JIP, MADH4, MYHRS" fgcolor="#000000" bgcolor="#BFFFBF"
             type="rectangle" x="327" y="258" width="46" height="17"/>
    </entry>
    <entry id="57" name="hsa:4087 hsa:4088" type="gene"
        link="https://www.kegg.jp/dbget-bin/www_bget?hsa:4087+hsa:4088">
        <graphics name="SMAD2, CHTD8, JV18, JV18-1, LDS6, MADH2, MADR2, hMAD-2, hSMAD2..." fgcolor="#000000" bgcolor="#BFFFBF"
             type="rectangle" x="327" y="241" width="46" height="17"/>
    </entry>
    <entry id="58" name="hsa:8317" type="gene"
        link="https://www.kegg.jp/dbget-bin/www_bget?hsa:8317">
        <graphics name="CDC7, CDC7L1, HsCDC7, Hsk1, huCDC7" fgcolor="#000000" bgcolor="#BFFFBF"
             type="rectangle" x="532" y="731" width="46" height="17"/>
    </entry>
    <entry id="59" name="path:hsa04120" type="map"
        link="https://www.kegg.jp/dbget-bin/www_bget?hsa04120">
        <graphics name="Ubiquitin mediated proteolysis" fgcolor="#000000" bgcolor="#FFFFFF"
             type="roundrectangle" x="1039" y="493" width="76" height="71"/>
    </entry>
    <entry id="60" name="hsa:991" type="gene"
        link="https://www.kegg.jp/dbget-bin/www_bget?hsa:991">
        <graphics name="CDC20, CDC20A, bA276H19.3, p55CDC" fgcolor="#000000" bgcolor="#BFFFBF"
             type="rectangle" x="981" y="409" width="46" height="17"/>
    </entry>
    <entry id="61" name="hsa:994 hsa:995" type="gene"
        link="https://www.kegg.jp/dbget-bin/www_bget?hsa:994+hsa:995">
        <graphics name="CDC25B..." fgcolor="#000000" bgcolor="#BFFFBF"
             type="rectangle" x="830" y="496" width="46" height="17"/>
    </entry>
    <entry id="62" name="hsa:8318" type="gene"
        link="https://www.kegg.jp/dbget-bin/www_bget?hsa:8318">
        <graphics name="CDC45, CDC45L, CDC45L2, MGORS7, PORC-PI-1" fgcolor="#000000" bgcolor="#BFFFBF"
             type="rectangle" x="553" y="638" width="46" height="17"/>
    </entry>
    <entry id="63" name="hsa:990" type="gene"
        link="https://www.kegg.jp/dbget-bin/www_bget?hsa:990">
        <graphics name="CDC6, CDC18L, HsCDC18, HsCDC6, MGORS5" fgcolor="#000000" bgcolor="#BFFFBF"
             type="rectangle" x="494" y="647" width="46" height="17"/>
    </entry>
    <entry id="64" name="hsa:993" type="gene"
        link="https://www.kegg.jp/dbget-bin/www_bget?hsa:993">
        <graphics name="CDC25A, CDC25A2" fgcolor="#000000" bgcolor="#BFFFBF"
             type="rectangle" x="614" y="496" width="46" height="17"/>
    </entry>
    <entry id="65" name="hsa:2932" type="gene"
        link="https://www.kegg.jp/dbget-bin/www_bget?hsa:2932">
        <graphics name="GSK3B" fgcolor="#000000" bgcolor="#BFFFBF"
             type="rectangle" x="170" y="261" width="46" height="17"/>
    </entry>
    <entry id="66" name="hsa:983" type="gene"
        link="https://www.kegg.jp/dbget-bin/www_bget?hsa:983">
        <graphics name="CDK1, CDC2, CDC28A, P34CDC2" fgcolor="#000000" bgcolor="#BFFFBF"
             type="rectangle" x="689" y="562" width="46" height="17"/>
    </entry>
    <entry id="67" name="hsa:85417 hsa:891 hsa:9133" type="gene"
        link="https://www.kegg.jp/dbget-bin/www_bget?hsa:85417+hsa:891+hsa:9133">
        <graphics name="CCNB3, CYCB3..." fgcolor="#000000" bgcolor="#BFFFBF"
             type="rectangle" x="780" y="545" width="46" height="17"/>
    </entry>
    <entry id="68" name="hsa:890 hsa:8900" type="gene"
        link="https://www.kegg.jp/dbget-bin/www_bget?hsa:890+hsa:8900">
        <graphics name="CCNA2, CCN1, CCNA..." fgcolor="#000000" bgcolor="#BFFFBF"
             type="rectangle" x="689" y="545" width="46" height="17"/>
    </entry>
    <entry id="69" name="hsa:1022" type="gene"
        link="https://www.kegg.jp/dbget-bin/www_bget?hsa:1022">
        <graphics name="CDK7, CAK, CAK1, CDKN7, HCAK, MO15, STK1, p39MO15" fgcolor="#000000" bgcolor="#BFFFBF"
             type="rectangle" x="552" y="562" width="46" height="17"/>
    </entry>
    <entry id="70" name="hsa:1017" type="gene"
        link="https://www.kegg.jp/dbget-bin/www_bget?hsa:1017">
        <graphics name="CDK2, CDKN2, p33(CDK2)" fgcolor="#000000" bgcolor="#BFFFBF"
             type="rectangle" x="457" y="562" width="46" height="17"/>
    </entry>
    <entry id="71" name="hsa:1017" type="gene"
        link="https://www.kegg.jp/dbget-bin/www_bget?hsa:1017">
        <graphics name="CDK2, CDKN2, p33(CDK2)" fgcolor="#000000" bgcolor="#BFFFBF"
             type="rectangle" x="335" y="562" width="46" height="17"/>
    </entry>
    <entry id="72" name="hsa:1019 hsa:1021" type="gene"
        link="https://www.kegg.jp/dbget-bin/www_bget?hsa:1019+hsa:1021">
        <graphics name="CDK4, CMM3, PSK-J3..." fgcolor="#000000" bgcolor="#BFFFBF"
             type="rectangle" x="227" y="562" width="46" height="17"/>
    </entry>
    <entry id="73" name="hsa:902" type="gene"
        link="https://www.kegg.jp/dbget-bin/www_bget?hsa:902">
        <graphics name="CCNH, CAK, CycH, p34, p37" fgcolor="#000000" bgcolor="#BFFFBF"
             type="rectangle" x="552" y="545" width="46" height="17"/>
    </entry>
    <entry id="74" name="hsa:890 hsa:8900" type="gene"
        link="https://www.kegg.jp/dbget-bin/www_bget?hsa:890+hsa:8900">
        <graphics name="CCNA2, CCN1, CCNA..." fgcolor="#000000" bgcolor="#BFFFBF"
             type="rectangle" x="457" y="545" width="46" height="17"/>
    </entry>
    <entry id="75" name="hsa:898 hsa:9134" type="gene"
        link="https://www.kegg.jp/dbget-bin/www_bget?hsa:898+hsa:9134">
        <graphics name="CCNE1, CCNE, pCCNE1..." fgcolor="#000000" bgcolor="#BFFFBF"
             type="rectangle" x="335" y="545" width="46" height="17"/>
    </entry>
    <entry id="76" name="hsa:595 hsa:894 hsa:896" type="gene"
        link="https://www.kegg.jp/dbget-bin/www_bget?hsa:595+hsa:894+hsa:896">
        <graphics name="CCND1, BCL1, D11S287E, PRAD1, U21B31..." fgcolor="#000000" bgcolor="#BFFFBF"
             type="rectangle" x="227" y="545" width="46" height="17"/>
    </entry>
    <entry id="77" name="path:hsa04010" type="map"
        link="https://www.kegg.jp/dbget-bin/www_bget?hsa04010">
        <graphics name="MAPK signaling pathway" fgcolor="#000000" bgcolor="#FFFFFF"
             type="roundrectangle" x="95" y="358" width="56" height="125"/>
    </entry>
    <entry id="78" name="path:hsa04110" type="map"
        link="https://www.kegg.jp/dbget-bin/www_bget?hsa04110">
        <graphics name="TITLE:Cell cycle" fgcolor="#000000" bgcolor="#FFFFFF"
             type="roundrectangle" x="98" y="58" width="115" height="25"/>
    </entry>
    <entry id="79" name="hsa:8379" type="gene"
        link="https://www.kegg.jp/dbget-bin/www_bget?hsa:8379">
        <graphics name="MAD1L1, MAD1, MVA7, PIG9, TP53I9, TXBP181" fgcolor="#000000" bgcolor="#BFFFBF"
             type="rectangle" x="874" y="325" width="46" height="17"/>
    </entry>
    <entry id="82" name="hsa:7272" type="gene"
        link="https://www.kegg.jp/dbget-bin/www_bget?hsa:7272">
        <graphics name="TTK, CT96, ESK, MPH1, MPS1, MPS1L1, PYT" fgcolor="#000000" bgcolor="#BFFFBF"
             type="rectangle" x="874" y="257" width="46" height="17"/>
    </entry>
    <entry id="175" name="hsa:1031" type="gene"
        link="https://www.kegg.jp/dbget-bin/www_bget?hsa:1031">
        <graphics name="CDKN2C, INK4C, p18, p18-INK4C" fgcolor="#000000" bgcolor="#BFFFBF"
             type="rectangle" x="304" y="407" width="46" height="17"/>
    </entry>
    <entry id="176" name="hsa:1032" type="gene"
        link="https://www.kegg.jp/dbget-bin/www_bget?hsa:1032">
        <graphics name="CDKN2D, INK4D, p19, p19-INK4D" fgcolor="#000000" bgcolor="#BFFFBF"
             type="rectangle" x="352" y="407" width="46" height="17"/>
    </entry>
    <entry id="177" name="hsa:1029" type="gene"
        link="https://www.kegg.jp/dbget-bin/www_bget?hsa:1029">
        <graphics name="CDKN2A, ARF, CDK4I, CDKN2, CMM2, INK4, INK4A, MLM, MTS-1, MTS1, P14, P14ARF, P16, P16-INK4A, P16INK4, P16INK4A, P19, P19ARF, TP16" fgcolor="#000000" bgcolor="#BFFFBF"
             type="rectangle" x="208" y="407" width="46" height="17"/>
    </entry>
    <entry id="178" name="hsa:9126" type="gene"
        link="https://www.kegg.jp/dbget-bin/www_bget?hsa:9126">
        <graphics name="SMC3, BAM, BMH, CDLS3, CSPG6, HCAP, SMC3L1" fgcolor="#000000" bgcolor="#BFFFBF"
             type="rectangle" x="1003" y="79" width="46" height="17"/>
    </entry>
    <entry id="179" name="hsa:10274 hsa:10735" type="gene"
        link="https://www.kegg.jp/dbget-bin/www_bget?hsa:10274+hsa:10735">
        <graphics name="STAG1, MRD47, SA1, SCC3A..." fgcolor="#000000" bgcolor="#BFFFBF"
             type="rectangle" x="980" y="113" width="46" height="17"/>
    </entry>
    <entry id="180" name="hsa:5885" type="gene"
        link="https://www.kegg.jp/dbget-bin/www_bget?hsa:5885">
        <graphics name="RAD21, CDLS4, HR21, HRAD21, MCD1, MGS, NXP1, SCC1, hHR21" fgcolor="#000000" bgcolor="#BFFFBF"
             type="rectangle" x="980" y="96" width="46" height="17"/>
    </entry>
    <entry id="186" name="hsa:5933" type="gene"
        link="https://www.kegg.jp/dbget-bin/www_bget?hsa:5933">
        <graphics name="RBL1, CP107, PRB1, p107" fgcolor="#000000" bgcolor="#BFFFBF"
             type="rectangle" x="243" y="224" width="46" height="17"/>
    </entry>
    <entry id="187" name="hsa:1874 hsa:1875" type="gene"
        link="https://www.kegg.jp/dbget-bin/www_bget?hsa:1874+hsa:1875">
        <graphics name="E2F4, E2F-4..." fgcolor="#000000" bgcolor="#BFFFBF"
             type="rectangle" x="243" y="241" width="46" height="17"/>
    </entry>
    <entry id="188" name="hsa:4609" type="gene"
        link="https://www.kegg.jp/dbget-bin/www_bget?hsa:4609">
        <graphics name="MYC, MRTL, MYCC, bHLHe39, c-Myc" fgcolor="#000000" bgcolor="#BFFFBF"
             type="rectangle" x="243" y="313" width="46" height="17"/>
    </entry>
    <entry id="189" name="hsa:7709" type="gene"
        link="https://www.kegg.jp/dbget-bin/www_bget?hsa:7709">
        <graphics name="ZBTB17, MIZ-1, ZNF151, ZNF60, pHZ-67" fgcolor="#000000" bgcolor="#BFFFBF"
             type="rectangle" x="243" y="345" width="46" height="17"/>
    </entry>
    <entry id="196" name="hsa:25" type="gene"
        link="https://www.kegg.jp/dbget-bin/www_bget?hsa:25">
        <graphics name="ABL1, ABL, BCR-ABL, CHDSKM, JTK7, bcr/abl, c-ABL, c-ABL1, p150, v-abl" fgcolor="#000000" bgcolor="#BFFFBF"
             type="rectangle" x="413" y="620" width="46" height="17"/>
    </entry>
    <entry id="197" name="hsa:7027 hsa:7029" type="gene"
        link="https://www.kegg.jp/dbget-bin/www_bget?hsa:7027+hsa:7029">
        <graphics name="TFDP1, DILC, DP1, DRTF1, Dp-1..." fgcolor="#000000" bgcolor="#BFFFBF"
             type="rectangle" x="353" y="688" width="46" height="17"/>
    </entry>
    <entry id="198" name="hsa:1869 hsa:1870 hsa:1871" type="gene"
        link="https://www.kegg.jp/dbget-bin/www_bget?hsa:1869+hsa:1870+hsa:1871">
        <graphics name="E2F1, E2F-1, RBAP1, RBBP3, RBP3..." fgcolor="#000000" bgcolor="#BFFFBF"
             type="rectangle" x="353" y="671" width="46" height="17"/>
    </entry>
    <entry id="199" name="hsa:3065 hsa:3066" type="gene"
        link="https://www.kegg.jp/dbget-bin/www_bget?hsa:3065+hsa:3066">
        <graphics name="HDAC1, GON-10, HD1, KDAC1, RPD3, RPD3L1..." fgcolor="#000000" bgcolor="#BFFFBF"
             type="rectangle" x="413" y="644" width="46" height="17"/>
    </entry>
    <entry id="200" name="hsa:5925" type="gene"
        link="https://www.kegg.jp/dbget-bin/www_bget?hsa:5925">
        <graphics name="RB1, OSRC, PPP1R130, RB, p105-Rb, p110-RB1, pRb, pp110" fgcolor="#000000" bgcolor="#BFFFBF"
             type="rectangle" x="353" y="630" width="46" height="17"/>
    </entry>
    <entry id="201" name="hsa:5933 hsa:5934" type="gene"
        link="https://www.kegg.jp/dbget-bin/www_bget?hsa:5933+hsa:5934">
        <graphics name="RBL1, CP107, PRB1, p107..." fgcolor="#000000" bgcolor="#BFFFBF"
             type="rectangle" x="298" y="630" width="46" height="17"/>
    </entry>
    <entry id="214" name="hsa:7027 hsa:7029" type="gene"
        link="https://www.kegg.jp/dbget-bin/www_bget?hsa:7027+hsa:7029">
        <graphics name="TFDP1, DILC, DP1, DRTF1, Dp-1..." fgcolor="#000000" bgcolor="#BFFFBF"
             type="rectangle" x="298" y="688" width="46" height="17"/>
    </entry>
    <entry id="215" name="hsa:1874 hsa:1875" type="gene"
        link="https://www.kegg.jp/dbget-bin/www_bget?hsa:1874+hsa:1875">
        <graphics name="E2F4, E2F-4..." fgcolor="#000000" bgcolor="#BFFFBF"
             type="rectangle" x="298" y="671" width="46" height="17"/>
    </entry>
    <entry id="218" name="hsa:7027 hsa:7029" type="gene"
        link="https://www.kegg.jp/dbget-bin/www_bget?hsa:7027+hsa:7029">
        <graphics name="TFDP1, DILC, DP1, DRTF1, Dp-1..." fgcolor="#000000" bgcolor="#BFFFBF"
             type="rectangle" x="243" y="258" width="46" height="17"/>
    </entry>
    <entry id="225" name="hsa:10403" type="gene"
        link="https://www.kegg.jp/dbget-bin/www_bget?hsa:10403">
        <graphics name="NDC80, HEC, HEC1, HsHec1, KNTC2, TID3, hsNDC80" fgcolor="#000000" bgcolor="#BFFFBF"
             type="rectangle" x="808" y="257" width="46" height="17"/>
    </entry>
    <entry id="226" name="hsa:9212" type="gene"
        link="https://www.kegg.jp/dbget-bin/www_bget?hsa:9212">
        <graphics name="AURKB, AIK2, AIM-1, AIM1, ARK-2, ARK2, AurB, IPL1, PPP1R48, STK-1, STK12, STK5, aurkb-sv1, aurkb-sv2" fgcolor="#000000" bgcolor="#BFFFBF"
             type="rectangle" x="808" y="129" width="46" height="17"/>
    </entry>
    <entry id="227" name="hsa:57082" type="gene"
        link="https://www.kegg.jp/dbget-bin/www_bget?hsa:57082">
        <graphics name="KNL1, AF15Q14, CASC5, CT29, D40, MCPH4, PPP1R55, Spc7, hKNL-1, hSpc105" fgcolor="#000000" bgcolor="#BFFFBF"
             type="rectangle" x="808" y="364" width="46" height="17"/>
    </entry>
    <entry id="228" name="hsa:9587" type="gene"
        link="https://www.kegg.jp/dbget-bin/www_bget?hsa:9587">
        <graphics name="MAD2L1BP, CMT2" fgcolor="#000000" bgcolor="#BFFFBF"
             type="rectangle" x="930" y="342" width="46" height="17"/>
    </entry>
    <entry id="230" name="hsa:9319" type="gene"
        link="https://www.kegg.jp/dbget-bin/www_bget?hsa:9319">
        <graphics name="TRIP13, 16E1BP, MVA3, OOMD9" fgcolor="#000000" bgcolor="#BFFFBF"
             type="rectangle" x="930" y="325" width="46" height="17"/>
    </entry>
    <entry id="237" name="hsa:27127 hsa:8243" type="gene"
        link="https://www.kegg.jp/dbget-bin/www_bget?hsa:27127+hsa:8243">
        <graphics name="SMC1B, SMC1BETA, SMC1L2..." fgcolor="#000000" bgcolor="#BFFFBF"
             type="rectangle" x="219" y="79" width="46" height="17"/>
    </entry>
    <entry id="238" name="hsa:9126" type="gene"
        link="https://www.kegg.jp/dbget-bin/www_bget?hsa:9126">
        <graphics name="SMC3, BAM, BMH, CDLS3, CSPG6, HCAP, SMC3L1" fgcolor="#000000" bgcolor="#BFFFBF"
             type="rectangle" x="265" y="79" width="46" height="17"/>
    </entry>
    <entry id="239" name="hsa:546" type="gene"
        link="https://www.kegg.jp/dbget-bin/www_bget?hsa:546">
        <graphics name="ATRX, JMS, MRX52, RAD54, RAD54L, XH2, XNP, ZNF-HX" fgcolor="#000000" bgcolor="#BFFFBF"
             type="rectangle" x="269" y="54" width="46" height="17"/>
    </entry>
    <entry id="240" name="hsa:25836" type="gene"
        link="https://www.kegg.jp/dbget-bin/www_bget?hsa:25836">
        <graphics name="NIPBL, CDLS, CDLS1, IDN3, IDN3-B, Scc2" fgcolor="#000000" bgcolor="#BFFFBF"
             type="rectangle" x="327" y="79" width="46" height="17"/>
    </entry>
    <entry id="241" name="hsa:23383" type="gene"
        link="https://www.kegg.jp/dbget-bin/www_bget?hsa:23383">
        <graphics name="MAU2, KIAA0892, MAU2L, SCC4, mau-2" fgcolor="#000000" bgcolor="#BFFFBF"
             type="rectangle" x="327" y="96" width="46" height="17"/>
    </entry>
    <entry id="242" name="hsa:81620" type="gene"
        link="https://www.kegg.jp/dbget-bin/www_bget?hsa:81620">
        <graphics name="CDT1, DUP, RIS2" fgcolor="#000000" bgcolor="#BFFFBF"
             type="rectangle" x="523" y="664" width="46" height="17"/>
    </entry>
    <entry id="243" name="hsa:27085" type="gene"
        link="https://www.kegg.jp/dbget-bin/www_bget?hsa:27085">
        <graphics name="MTBP, MDM2BP" fgcolor="#000000" bgcolor="#BFFFBF"
             type="rectangle" x="553" y="621" width="46" height="17"/>
    </entry>
    <entry id="244" name="hsa:90381" type="gene"
        link="https://www.kegg.jp/dbget-bin/www_bget?hsa:90381">
        <graphics name="TICRR, C15orf42, SLD3, Treslin" fgcolor="#000000" bgcolor="#BFFFBF"
             type="rectangle" x="553" y="604" width="46" height="17"/>
    </entry>
    <entry id="246" name="hsa:114799 hsa:157570" type="gene"
        link="https://www.kegg.jp/dbget-bin/www_bget?hsa:114799+hsa:157570">
        <graphics name="ESCO1, A930014I12Rik, CTF, ECO1, EFO1, ESO1..." fgcolor="#000000" bgcolor="#BFFFBF"
             type="rectangle" x="613" y="54" width="46" height="17"/>
    </entry>
    <entry id="247" name="path:hsa03030" type="map"
        link="https://www.kegg.jp/dbget-bin/www_bget?hsa03030">
        <graphics name="DNA replication" fgcolor="#000000" bgcolor="#FFFFFF"
             type="roundrectangle" x="640" y="734" width="109" height="26"/>
    </entry>
    <entry id="248" name="hsa:5885" type="gene"
        link="https://www.kegg.jp/dbget-bin/www_bget?hsa:5885">
        <graphics name="RAD21, CDLS4, HR21, HRAD21, MCD1, MGS, NXP1, SCC1, hHR21" fgcolor="#000000" bgcolor="#BFFFBF"
             type="rectangle" x="243" y="96" width="46" height="17"/>
    </entry>
    <entry id="249" name="hsa:10274 hsa:10735" type="gene"
        link="https://www.kegg.jp/dbget-bin/www_bget?hsa:10274+hsa:10735">
        <graphics name="STAG1, MRD47, SA1, SCC3A..." fgcolor="#000000" bgcolor="#BFFFBF"
             type="rectangle" x="243" y="113" width="46" height="17"/>
    </entry>
    <entry id="251" name="hsa:1663" type="gene"
        link="https://www.kegg.jp/dbget-bin/www_bget?hsa:1663">
        <graphics name="DDX11, CHL1, CHLR1, KRG2, WABS" fgcolor="#000000" bgcolor="#BFFFBF"
             type="rectangle" x="320" y="54" width="46" height="17"/>
    </entry>
    <entry id="252" name="hsa:27127 hsa:8243" type="gene"
        link="https://www.kegg.jp/dbget-bin/www_bget?hsa:27127+hsa:8243">
        <graphics name="SMC1B, SMC1BETA, SMC1L2..." fgcolor="#000000" bgcolor="#BFFFBF"
             type="rectangle" x="494" y="79" width="46" height="17"/>
    </entry>
    <entry id="253" name="hsa:9126" type="gene"
        link="https://www.kegg.jp/dbget-bin/www_bget?hsa:9126">
        <graphics name="SMC3, BAM, BMH, CDLS3, CSPG6, HCAP, SMC3L1" fgcolor="#000000" bgcolor="#BFFFBF"
             type="rectangle" x="540" y="79" width="46" height="17"/>
    </entry>
    <entry id="254" name="hsa:23047 hsa:23244" type="gene"
        link="https://www.kegg.jp/dbget-bin/www_bget?hsa:23047+hsa:23244">
        <graphics name="PDS5B, APRIN, AS3, CG008..." fgcolor="#000000" bgcolor="#BFFFBF"
             type="rectangle" x="590" y="104" width="46" height="17"/>
    </entry>
    <entry id="255" name="hsa:23063" type="gene"
        link="https://www.kegg.jp/dbget-bin/www_bget?hsa:23063">
        <graphics name="WAPL, FOE, KIAA0261, WAPAL" fgcolor="#000000" bgcolor="#BFFFBF"
             type="rectangle" x="590" y="121" width="46" height="17"/>
    </entry>
    <entry id="256" name="hsa:5885" type="gene"
        link="https://www.kegg.jp/dbget-bin/www_bget?hsa:5885">
        <graphics name="RAD21, CDLS4, HR21, HRAD21, MCD1, MGS, NXP1, SCC1, hHR21" fgcolor="#000000" bgcolor="#BFFFBF"
             type="rectangle" x="518" y="96" width="46" height="17"/>
    </entry>
    <entry id="257" name="hsa:10274 hsa:10735" type="gene"
        link="https://www.kegg.jp/dbget-bin/www_bget?hsa:10274+hsa:10735">
        <graphics name="STAG1, MRD47, SA1, SCC3A..." fgcolor="#000000" bgcolor="#BFFFBF"
             type="rectangle" x="518" y="113" width="46" height="17"/>
    </entry>
    <entry id="260" name="hsa:113130" type="gene"
        link="https://www.kegg.jp/dbget-bin/www_bget?hsa:113130">
        <graphics name="CDCA5, SORORIN" fgcolor="#000000" bgcolor="#BFFFBF"
             type="rectangle" x="662" y="104" width="46" height="17"/>
    </entry>
    <entry id="261" name="hsa:55869" type="gene"
        link="https://www.kegg.jp/dbget-bin/www_bget?hsa:55869">
        <graphics name="HDAC8, CDA07, CDLS5, HD8, HDACL1, KDAC8, MRXS6, RPD3, WTS" fgcolor="#000000" bgcolor="#BFFFBF"
             type="rectangle" x="540" y="54" width="46" height="17"/>
    </entry>
    <entry id="264" name="hsa:983" type="gene"
        link="https://www.kegg.jp/dbget-bin/www_bget?hsa:983">
        <graphics name="CDK1, CDC2, CDC28A, P34CDC2" fgcolor="#000000" bgcolor="#BFFFBF"
             type="rectangle" x="808" y="104" width="46" height="17"/>
    </entry>
    <entry id="266" name="hsa:5347" type="gene"
        link="https://www.kegg.jp/dbget-bin/www_bget?hsa:5347">
        <graphics name="PLK1, PLK, STPK13" fgcolor="#000000" bgcolor="#BFFFBF"
             type="rectangle" x="808" y="79" width="46" height="17"/>
    </entry>
    <entry id="276" name="hsa:151648" type="gene"
        link="https://www.kegg.jp/dbget-bin/www_bget?hsa:151648">
        <graphics name="SGO1, CAID, NY-BR-85, SGO, SGOL1" fgcolor="#000000" bgcolor="#BFFFBF"
             type="rectangle" x="913" y="104" width="46" height="17"/>
    </entry>
    <entry id="277" name="hsa:5515 hsa:5516 hsa:5518 hsa:5519 hsa:5525 hsa:5526 hsa:5527 hsa:5528 hsa:5529" type="gene"
        link="https://www.kegg.jp/dbget-bin/www_bget?hsa:5515+hsa:5516+hsa:5518+hsa:5519+hsa:5525+hsa:5526+hsa:5527+hsa:5528+hsa:5529">
        <graphics name="PPP2CA, NEDLBA, PP2Ac, PP2CA, PP2Calpha, RP-C..." fgcolor="#000000" bgcolor="#BFFFBF"
             type="rectangle" x="913" y="121" width="46" height="17"/>
    </entry>
    <entry id="283" name="hsa:1026" type="gene"
        link="https://www.kegg.jp/dbget-bin/www_bget?hsa:1026">
        <graphics name="CDKN1A, CAP20, CDKN1, CIP1, MDA-6, P21, SDI1, WAF1, p21CIP1" fgcolor="#000000" bgcolor="#BFFFBF"
             type="rectangle" x="953" y="714" width="46" height="17"/>
    </entry>
    <entry id="284" name="hsa:26271" type="gene"
        link="https://www.kegg.jp/dbget-bin/www_bget?hsa:26271">
        <graphics name="FBXO5, EMI1, FBX5, Fbxo31" fgcolor="#000000" bgcolor="#BFFFBF"
             type="rectangle" x="953" y="672" width="46" height="17"/>
    </entry>
    <entry id="289" name="hsa:7157" type="gene"
        link="https://www.kegg.jp/dbget-bin/www_bget?hsa:7157">
        <graphics name="TP53, BCC7, BMFS5, LFS1, P53, TRP53" fgcolor="#000000" bgcolor="#BFFFBF"
             type="rectangle" x="954" y="756" width="46" height="17"/>
    </entry>
    <entry id="290" name="undefined" type="group">
        <graphics fgcolor="#000000" bgcolor="#FFFFFF"
             type="rectangle" x="327" y="249" width="46" height="34"/>
        <component id="56"/>
        <component id="57"/>
    </entry>
    <entry id="291" name="undefined" type="group">
        <graphics fgcolor="#000000" bgcolor="#FFFFFF"
             type="rectangle" x="335" y="553" width="46" height="34"/>
        <component id="71"/>
        <component id="75"/>
    </entry>
    <entry id="292" name="undefined" type="group">
        <graphics fgcolor="#000000" bgcolor="#FFFFFF"
             type="rectangle" x="552" y="553" width="46" height="34"/>
        <component id="69"/>
        <component id="73"/>
    </entry>
    <entry id="293" name="undefined" type="group">
        <graphics fgcolor="#000000" bgcolor="#FFFFFF"
             type="rectangle" x="457" y="553" width="46" height="34"/>
        <component id="70"/>
        <component id="74"/>
    </entry>
    <entry id="294" name="undefined" type="group">
        <graphics fgcolor="#000000" bgcolor="#FFFFFF"
             type="rectangle" x="689" y="553" width="46" height="34"/>
        <component id="66"/>
        <component id="68"/>
    </entry>
    <entry id="295" name="undefined" type="group">
        <graphics fgcolor="#000000" bgcolor="#FFFFFF"
             type="rectangle" x="780" y="553" width="46" height="34"/>
        <component id="24"/>
        <component id="67"/>
    </entry>
    <entry id="296" name="undefined" type="group">
        <graphics fgcolor="#000000" bgcolor="#FFFFFF"
             type="rectangle" x="227" y="553" width="46" height="34"/>
        <component id="72"/>
        <component id="76"/>
    </entry>
    <entry id="297" name="undefined" type="group">
        <graphics fgcolor="#000000" bgcolor="#FFFFFF"
             type="rectangle" x="188" y="621" width="46" height="34"/>
        <component id="10"/>
        <component id="48"/>
    </entry>
    <entry id="298" name="undefined" type="group">
        <graphics fgcolor="#000000" bgcolor="#FFFFFF"
             type="rectangle" x="432" y="293" width="46" height="34"/>
        <component id="11"/>
        <component id="41"/>
    </entry>
    <entry id="299" name="undefined" type="group">
        <graphics fgcolor="#000000" bgcolor="#FFFFFF"
             type="rectangle" x="981" y="400" width="46" height="34"/>
        <component id="60"/>
        <component id="8"/>
    </entry>
    <entry id="300" name="undefined" type="group">
        <graphics fgcolor="#000000" bgcolor="#FFFFFF"
             type="rectangle" x="981" y="621" width="46" height="34"/>
        <component id="5"/>
        <component id="9"/>
    </entry>
    <entry id="301" name="undefined" type="group">
        <graphics fgcolor="#000000" bgcolor="#FFFFFF"
             type="rectangle" x="873" y="392" width="46" height="51"/>
        <component id="25"/>
        <component id="30"/>
        <component id="32"/>
    </entry>
    <entry id="302" name="undefined" type="group">
        <graphics fgcolor="#000000" bgcolor="#FFFFFF"
             type="rectangle" x="980" y="96" width="92" height="51"/>
        <component id="178"/>
        <component id="179"/>
        <component id="180"/>
        <component id="46"/>
    </entry>
    <entry id="303" name="undefined" type="group">
        <graphics fgcolor="#000000" bgcolor="#FFFFFF"
             type="rectangle" x="298" y="679" width="46" height="34"/>
        <component id="214"/>
        <component id="215"/>
    </entry>
    <entry id="304" name="undefined" type="group">
        <graphics fgcolor="#000000" bgcolor="#FFFFFF"
             type="rectangle" x="353" y="679" width="46" height="34"/>
        <component id="197"/>
        <component id="198"/>
    </entry>
    <entry id="305" name="undefined" type="group">
        <graphics fgcolor="#000000" bgcolor="#FFFFFF"
             type="rectangle" x="243" y="241" width="46" height="51"/>
        <component id="186"/>
        <component id="187"/>
        <component id="218"/>
    </entry>
    <entry id="306" name="undefined" type="group">
        <graphics fgcolor="#000000" bgcolor="#FFFFFF"
             type="rectangle" x="967" y="642" width="74" height="76"/>
        <component id="284"/>
        <component id="9"/>
    </entry>
    <relation entry1="290" entry2="54" type="GErel">
        <subtype name="expression" value="--&gt;"/>
    </relation>
    <relation entry1="65" entry2="76" type="PPrel">
        <subtype name="inhibition" value="--|"/>
        <subtype name="phosphorylation" value="+p"/>
    </relation>
    <relation entry1="52" entry2="37" type="GErel">
        <subtype name="expression" value="--&gt;"/>
    </relation>
    <relation entry1="52" entry2="50" type="GErel">
        <subtype name="expression" value="--&gt;"/>
    </relation>
    <relation entry1="52" entry2="35" type="GErel">
        <subtype name="expression" value="--&gt;"/>
    </relation>
    <relation entry1="50" entry2="26" type="PPrel">
        <subtype name="activation" value="--&gt;"/>
    </relation>
    <relation entry1="39" entry2="51" type="PPrel">
        <subtype name="inhibition" value="--|"/>
    </relation>
    <relation entry1="39" entry2="52" type="PPrel">
        <subtype name="inhibition" value="--|"/>
    </relation>
    <relation entry1="40" entry2="52" type="PPrel">
        <subtype name="activation" value="--&gt;"/>
    </relation>
    <relation entry1="38" entry2="52" type="PPrel">
        <subtype name="activation" value="--&gt;"/>
        <subtype name="phosphorylation" value="+p"/>
    </relation>
    <relation entry1="36" entry2="52" type="PPrel">
        <subtype name="activation" value="--&gt;"/>
        <subtype name="phosphorylation" value="+p"/>
    </relation>
    <relation entry1="36" entry2="64" type="PPrel">
        <subtype name="inhibition" value="--|"/>
        <subtype name="phosphorylation" value="+p"/>
    </relation>
    <relation entry1="64" entry2="72" type="PPrel">
        <subtype name="activation" value="--&gt;"/>
        <subtype name="dephosphorylation" value="-p"/>
    </relation>
    <relation entry1="64" entry2="71" type="PPrel">
        <subtype name="activation" value="--&gt;"/>
        <subtype name="dephosphorylation" value="-p"/>
    </relation>
    <relation entry1="64" entry2="70" type="PPrel">
        <subtype name="activation" value="--&gt;"/>
        <subtype name="dephosphorylation" value="-p"/>
    </relation>
    <relation entry1="64" entry2="66" type="PPrel">
        <subtype name="activation" value="--&gt;"/>
        <subtype name="dephosphorylation" value="-p"/>
    </relation>
    <relation entry1="36" entry2="61" type="PPrel">
        <subtype name="inhibition" value="--|"/>
        <subtype name="phosphorylation" value="+p"/>
    </relation>
    <relation entry1="44" entry2="45" type="PPrel">
        <subtype name="inhibition" value="--|"/>
    </relation>
    <relation entry1="34" entry2="61" type="PPrel">
        <subtype name="binding/association" value="---"/>
    </relation>
    <relation entry1="291" entry2="53" type="PPrel">
        <subtype name="inhibition" value="--|"/>
        <subtype name="phosphorylation" value="+p"/>
    </relation>
    <relation entry1="292" entry2="66" type="PPrel">
        <subtype name="activation" value="--&gt;"/>
        <subtype name="phosphorylation" value="+p"/>
    </relation>
    <relation entry1="293" entry2="63" type="PPrel">
        <subtype name="inhibition" value="--|"/>
        <subtype name="phosphorylation" value="+p"/>
    </relation>
    <relation entry1="292" entry2="71" type="PPrel">
        <subtype name="activation" value="--&gt;"/>
        <subtype name="phosphorylation" value="+p"/>
    </relation>
    <relation entry1="294" entry2="49" type="PPrel">
        <subtype name="activation" value="--&gt;"/>
        <subtype name="phosphorylation" value="+p"/>
    </relation>
    <relation entry1="43" entry2="66" type="PPrel">
        <subtype name="inhibition" value="--|"/>
        <subtype name="phosphorylation" value="+p"/>
    </relation>
    <relation entry1="42" entry2="66" type="PPrel">
        <subtype name="inhibition" value="--|"/>
        <subtype name="phosphorylation" value="+p"/>
    </relation>
    <relation entry1="43" entry2="24" type="PPrel">
        <subtype name="inhibition" value="--|"/>
        <subtype name="phosphorylation" value="+p"/>
    </relation>
    <relation entry1="42" entry2="24" type="PPrel">
        <subtype name="inhibition" value="--|"/>
        <subtype name="phosphorylation" value="+p"/>
    </relation>
    <relation entry1="27" entry2="61" type="PPrel">
        <subtype name="activation" value="--&gt;"/>
        <subtype name="phosphorylation" value="+p"/>
    </relation>
    <relation entry1="27" entry2="42" type="PPrel">
        <subtype name="inhibition" value="--|"/>
        <subtype name="phosphorylation" value="+p"/>
    </relation>
    <relation entry1="295" entry2="27" type="PPrel">
        <subtype name="activation" value="--&gt;"/>
        <subtype name="phosphorylation" value="+p"/>
    </relation>
    <relation entry1="61" entry2="24" type="PPrel">
        <subtype name="activation" value="--&gt;"/>
        <subtype name="dephosphorylation" value="-p"/>
    </relation>
    <relation entry1="53" entry2="296" type="PPrel">
        <subtype name="binding/association" value="---"/>
    </relation>
    <relation entry1="53" entry2="293" type="PPrel">
        <subtype name="inhibition" value="--|"/>
    </relation>
    <relation entry1="37" entry2="296" type="PPrel">
        <subtype name="inhibition" value="--|"/>
    </relation>
    <relation entry1="37" entry2="291" type="PPrel">
        <subtype name="inhibition" value="--|"/>
    </relation>
    <relation entry1="37" entry2="293" type="PPrel">
        <subtype name="inhibition" value="--|"/>
    </relation>
    <relation entry1="26" entry2="296" type="PPrel">
        <subtype name="inhibition" value="--|"/>
    </relation>
    <relation entry1="54" entry2="296" type="PPrel">
        <subtype name="inhibition" value="--|"/>
    </relation>
    <relation entry1="35" entry2="67" type="PPrel">
        <subtype name="inhibition" value="--|"/>
    </relation>
    <relation entry1="50" entry2="67" type="PPrel">
        <subtype name="inhibition" value="--|"/>
    </relation>
    <relation entry1="297" entry2="291" type="PPrel">
        <subtype name="inhibition" value="--|"/>
        <subtype name="ubiquitination" value="+u"/>
    </relation>
    <relation entry1="298" entry2="53" type="PPrel">
        <subtype name="inhibition" value="--|"/>
        <subtype name="ubiquitination" value="+u"/>
    </relation>
    <relation entry1="298" entry2="37" type="PPrel">
        <subtype name="inhibition" value="--|"/>
        <subtype name="ubiquitination" value="+u"/>
    </relation>
    <relation entry1="299" entry2="44" type="PPrel">
        <subtype name="inhibition" value="--|"/>
        <subtype name="ubiquitination" value="+u"/>
    </relation>
    <relation entry1="299" entry2="300" type="PPrel">
        <subtype name="activation" value="--&gt;"/>
        <subtype name="indirect effect" value="..&gt;"/>
    </relation>
    <relation entry1="33" entry2="300" type="PPrel">
        <subtype name="activation" value="--&gt;"/>
        <subtype name="dephosphorylation" value="-p"/>
    </relation>
    <relation entry1="4" entry2="39" type="PPrel">
        <subtype name="inhibition" value="--|"/>
    </relation>
    <relation entry1="28" entry2="52" type="PPrel">
        <subtype name="activation" value="--&gt;"/>
        <subtype name="phosphorylation" value="+p"/>
    </relation>
    <relation entry1="28" entry2="36" type="PPrel">
        <subtype name="activation" value="--&gt;"/>
        <subtype name="phosphorylation" value="+p"/>
    </relation>
    <relation entry1="82" entry2="79" type="PPrel">
        <subtype name="activation" value="--&gt;"/>
        <subtype name="phosphorylation" value="+p"/>
    </relation>
    <relation entry1="79" entry2="30" type="PPrel">
        <subtype name="activation" value="--&gt;"/>
    </relation>
    <relation entry1="31" entry2="32" type="PPrel">
        <subtype name="binding/association" value="---"/>
    </relation>
    <relation entry1="301" entry2="8" type="PPrel">
        <subtype name="inhibition" value="--|"/>
    </relation>
    <relation entry1="45" entry2="302" type="PPrel">
        <subtype name="inhibition" value="--|"/>
    </relation>
    <relation entry1="296" entry2="201" type="PPrel">
        <subtype name="inhibition" value="--|"/>
        <subtype name="phosphorylation" value="+p"/>
    </relation>
    <relation entry1="296" entry2="200" type="PPrel">
        <subtype name="inhibition" value="--|"/>
        <subtype name="phosphorylation" value="+p"/>
    </relation>
    <relation entry1="291" entry2="200" type="PPrel">
        <subtype name="inhibition" value="--|"/>
        <subtype name="phosphorylation" value="+p"/>
    </relation>
    <relation entry1="293" entry2="200" type="PPrel">
        <subtype name="inhibition" value="--|"/>
        <subtype name="phosphorylation" value="+p"/>
    </relation>
    <relation entry1="293" entry2="198" type="PPrel">
        <subtype name="inhibition" value="--|"/>
        <subtype name="phosphorylation" value="+p"/>
    </relation>
    <relation entry1="201" entry2="303" type="PPrel">
        <subtype name="dissociation" value="-+-"/>
    </relation>
    <relation entry1="200" entry2="304" type="PPrel">
        <subtype name="dissociation" value="-+-"/>
    </relation>
    <relation entry1="304" entry2="75" type="GErel">
        <subtype name="expression" value="--&gt;"/>
    </relation>
    <relation entry1="290" entry2="188" type="GErel">
        <subtype name="repression" value="--|"/>
    </relation>
    <relation entry1="305" entry2="188" type="GErel">
        <subtype name="repression" value="--|"/>
    </relation>
    <relation entry1="188" entry2="189" type="PPrel">
        <subtype name="inhibition" value="--|"/>
    </relation>
    <relation entry1="189" entry2="54" type="GErel">
        <subtype name="expression" value="--&gt;"/>
    </relation>
    <relation entry1="290" entry2="37" type="GErel">
        <subtype name="expression" value="--&gt;"/>
    </relation>
    <relation entry1="55" entry2="57" type="PPrel">
        <subtype name="activation" value="--&gt;"/>
        <subtype name="indirect effect" value="..&gt;"/>
    </relation>
    <relation entry1="196" entry2="200" type="PPrel">
        <subtype name="binding/association" value="---"/>
    </relation>
    <relation entry1="199" entry2="200" type="PPrel">
        <subtype name="binding/association" value="---"/>
    </relation>
    <relation entry1="177" entry2="296" type="PPrel">
        <subtype name="inhibition" value="--|"/>
    </relation>
    <relation entry1="175" entry2="296" type="PPrel">
        <subtype name="inhibition" value="--|"/>
    </relation>
    <relation entry1="176" entry2="296" type="PPrel">
        <subtype name="inhibition" value="--|"/>
    </relation>
    <relation entry1="289" entry2="283" type="GErel">
        <subtype name="repression" value="--|"/>
    </relation>
    <relation entry1="283" entry2="284" type="PPrel">
        <subtype name="inhibition" value="--|"/>
        <subtype name="indirect effect" value="..&gt;"/>
    </relation>
    <relation entry1="306" entry2="5" type="PPrel">
        <subtype name="inhibition" value="--|"/>
    </relation>
    <relation entry1="300" entry2="27" type="PPrel">
        <subtype name="inhibition" value="--|"/>
        <subtype name="ubiquitination" value="+u"/>
    </relation>
    <relation entry1="293" entry2="5" type="PPrel">
        <subtype name="inhibition" value="--|"/>
        <subtype name="phosphorylation" value="+p"/>
    </relation>
</pathway>
